"","time","count","mean_amount","sd_amount"
"1",20,3,3.43633297513939,0.1868982365315
"2",30,6,3.76640428442129,0.213632761257281
"3",40,6,3.47471719667577,0.377135187000142
"4",50,6,3.36178270455892,0.131323019091921
"5",60,6,3.86801897842415,0.412965357473032
"6",90,6,5.29399704900184,0.188102089575172
"7",100,2,5.57306401785463,0.13568355683702
"8",110,6,5.55007230779601,0.210013913083958
"9",120,6,5.75096381051808,0.109053569510728
"10",130,6,5.64915108965491,0.236213733151645
